tips_technique	gU_4unC3c0A xacBjTZKMKI vX4nyfPKt8I RDOEkZ0bbWQ WMTuLDQJHJw lM9uXnd0_Sw COLeMGJlIm4 Rs0JKo5eruY UJ-Tk-5LeMw vRlKIBcIso4 XJa7GtUq2co kgIy3yw-duU -dMciUaUCWo _DCbJPt7EvE OOT__yT-9gw KXnkZZ4S-4s g3EUNHvZda0 Dd4CyheDdBA i_sW5MlMZ78 kbQXZt9f1Qw rFSfCjVEv0w a8mRGkGlLJA 8fQcu6ZwlQg KQNP0z7TgBQ INgb3Q2hF7M 0eGgnHZoae4 tXBVZcrmJFU sDP3K3ExT28 nLesFIiNNKQ REsSWYtTZTE pSIsVH8xDyQ csG6kw5ceys Er8HdRCMpYQ nLJLf0Sv95M uH_hFkLf7sM ptP8lgYNh-g 5s3RuKCO218 oasS6Qado6k nEk2RyRpxm0 pt5lf5a09Wg e17uYL7SmVU wDu-Z2AAmPs EN_yBZfqf1E dyhtqXmrshU qG6j2tNHT0c 6DXXb2wE3xc yhBLHuKjBmc MwUXOLuUTUU xMpdznue87g RCl1dU5TzXs N6evS7rxN7I JTuP11A_vrE WAyEFCJefJQ -w5E1DvIhy0
food_info_qa	FWXmIpOJEnA huQsPY6SolQ pXPJa4i0IWA iX-ygvKYdbs hq1sOI8ZW6U f1SaUGStJ4Y MNYNnEmI644 caHgcxVHZvY 97_1ca7g9qU C17BkGO741o PzDMLAlxV9A u7Kqml_bnIA RcWyliATq70 8gmA8yzzEpA
tests_experiments_worth_it	cg4bHU8yLz4 Q_HoXw5FV04 wvqJKYjb-XY 0Njb8ih14r0 FrA8BIHR2io yDm-y0zuf9w jOkDxIDe1XU zq4-pEaWvy8 F2buI5niYLM Yj99ygvEsDY PaUnA2vtyGI yiFHDBsWRaU r0NaCazcQW0 d5jH94JTUqE oEfUf6fLNvU ZBZeC3KxANc HA3nguKxIoY iTQ71Z4OND8 ik8YEXNfBQU nfKIShqQtYA 3Zw_d9NI6YA -FRT5VMGLlk 50J_VUETgyY 1ptF36FkjGU ekUumWox-vc _nAFsf-YzAI
taste_tests_reviews_rankings	h5j1y0xcKAg axoTshBILTo zrPj6d915dI 2WYrfDXHMyY domWk0thM1g 3mMCUnZNnQM 8HQSTSzJswk _FEruddrHyE ULqa5UGp3oU YdTBpCUeAnk SIPv3YTKdgI cGWh8u95c3g ebtKFnrTkr8 T7Onb3CAa9U GrsQCaQHP60 xXOZFY8G09g LP5kTNIG690
challenges_stunts_exotic	_8rDOKCA-8Y xK-mWhNxxJk 5YG1hMaPWvc _Q34vYzEbOM o_jlo2Ufjco _cWbtC8G_T0 UeSK63xOngM nlS1olDdcN0 fUhzLNtoyqM jtrGIC4Us80 bS_8nhseVC8 ACLAO8Wj_34 9CWDI7WLmjk EClVuQT_R4U y6Uqnm3SN0A
entertainment_collabs_celebs	G2ZNVik57SQ zskRo4CelCM B7pbtK4nfgc Pf7DTfWD1tY DHYuB7dVdvo UzwZ9ZFE97M PRAasjnPLTQ 91-mlb09j_M _34ElhG2sSw 0gWDblqitl4 eWPLfWP8tec _ci1MnNbkNk eacmmg1arwA sFhOpGAj7n0 k0m_GVKYq50 _mBLunepNLU JZy3yPf7dkc 2g8zkWt836I niG3HM7cYEY _VQE8o7nPoo UovVwkpBulI UyRfwEhvoHg H8MimMUUh0g F5RtKfARXkw
storytime_vlog_travel	EVjJCDOcCvg MdsO1KYsj78 J8QAeM68kS8 iUouWlFDZ4Q hONQ7xsSfeA NJvCC_c-_zI pwPasVzaW4Y 0tYMtzlvjmE TqHiGA4RJks 5cfwVnOIVw8 ezbpnEcWaHw Oa6LoSXeMZc I8-lI_kY_gI L4AcA0Hp1Nc X3-0stFYYAU 94rWsl2t9Z4 DEPaQk9KzxY xSjPthQ8NQo 2q6Xjd_6UVY DMDeCYHXodE esG2SodaCiA OrPIJH-nDkA jEk5jfIJOB0 LFQZzbCtng0 BnW8xG06kTY
live_streams	EHRdiw-OJt0
gear_tools_ads	BklLAL0JZtQ 7Xi2p-xnmNY s3kwx4It7Ww qGb2rObZC7k K6nmNQAuUKY er5ZIWxgQ5o g7JeE62gfLM xPlflcUHF8A 89FfEeuUUZE Xn8p1UqPnic ThJ5MFFsLuY Mln0qKmA1Xo
channel_promo_no_dish	go1lN6rIdN4 dfQm87XntBQ RzE0q4AReRM npYuXJ2w9tQ pNMPwdMcDVE tyROL6hO_sg r2crXd-k94A oEzcWH9t89E a7KXs3f3P5E apHetUb0ZLs v843Jb9-he0 wYT3T5yL-D8 FLjm2DjTyNM
reaction_duets	NaJzGGquhqI TYfa8euhp0c LPwvuA9HkEM 1rPIGkMyukg rLtbQHqCEOQ rLZY_CMpskg aA-sh1sktn4
